variable,label,diff_z,ci_low,ci_high,p_value,n_treated,n_control
HHI_A,Ownership concentration (HHI),0.06473758958697547,0.020755111256424985,0.10872006791752595,0.003940366535382854,2526,14918
roa,ROA,0.3428978683617964,0.30990153668066656,0.3758942000429263,3.2184407607291646e-88,2549,15128
IndependentDirectorNumber1,Independent directors,0.4669894154341086,0.4169664208973805,0.5170124099708368,4.554944711147683e-71,2549,15128
Ysmvttl_14,Total market value,0.8019111601691821,0.705246922366735,0.8985753979716291,1.211210870062509e-56,2549,15128
size,Firm size (log assets),1.1972586115191797,1.1478113403944668,1.2467058826438926,0.0,2549,15128
