variable,label,diff_z,ci_low,ci_high,p_value,n_treated,n_control
HHI_A,Ownership concentration (HHI),0.06473758958697623,0.020755111256425263,0.1087200679175272,0.0039403665353828455,2526,14918
roa,ROA,0.34289786836179614,0.30990153668066633,0.37589420004292595,3.2184407607291294e-88,2549,15128
IndependentDirectorNumber1,Independent directors,0.4669894154341263,0.41696642089739655,0.5170124099708561,4.5549447111478365e-71,2549,15128
Ysmvttl_14,Total market value,0.8019111601691831,0.7052469223667359,0.8985753979716302,1.211210870062509e-56,2549,15128
size,Firm size (log assets),1.1972586115191826,1.1478113403944694,1.2467058826438957,0.0,2549,15128
