predictor,label,odds_ratio,or_low,or_high,p_value
ln_ff_mv,Log free-float market value,2.546067155399626,1.8203217594858103,3.5611605069401873,4.789057450345517e-08
liqui,Liquidity proxy (liqui),3.898948521196176,1.5683771799505828,9.692693674245394,0.0034053841600221713
ln_total_mv,Log total market value,17.038713549296386,10.874819776054087,26.696328343228657,3.5091678713717926e-35
